"At2g48160","aaaccctaaaaccctcaaaccccaaaccctaagtccctaaaaccctcaaaccccaaacccacagaccctcaaaccctaaaaccctaaactcacaaaccctcaaaccctaaactcatacaaaattttatggttagtgtatatcaacatatatgtttgtttgagtgtcgcattttgaaaattgaagttataaatagatttacttgtgtgaattgacatttcccattaataaacccttttaagttggacaatttacttagcaaatattttaggagtcaaagaaagaacattcaatgcgagtggaaacattgatgtcgaagttcccacagatgtttccaccaaagcaaaccacttgagctgttcaataaaagccttgcaacacttgccatataatcggaaaatagataacaataaaacgaacctctgagatattcgacaaggtatttcttaacttgagtaaggtctgaaacgatttaactactctacctttgatttttatttttggttttgagaagatgattacagttgtgattttggtggagacaaaaatgtccatctctgtatgttgctagccatcttttgtccaacaggccacctaacactttggaaaaacccgttcaatcttaaatgggccatgttgagccactaatgggcctcaatactatgagattttaagtgtcaagtgttaacctacgcagcagctagggcgcacgttaacaaggaccattcaacaataatatcatcagttttttttttctaggttcgtGTGTGAATCCCCTTCTTCCGCATCAAAAAAAAAACAATCTACAGACAGACAATCGTCTTGTCCTGGATTAGGGTTTCATTTTCTCCACTGTCTAGCAAACCCACTTCTTCTGATTGGGGCGGGGATTCAATGCCTGCGAGTTCATCTGGGGAACCTGTCACCGAAAATCCTATACACTCCCAATCTCGCCTCCGGTTCTTGCTTTACTTGGAGTGTTAGAATTCGCTTCTTTACTTGATG",12.8044
"At3g58560","taaaaatttatttttgaatatttttgttggttaacaccggttgacgttagagttaattggttatttaacatgaaattttatatttataatgttaactatataatattatatacttggttatgcaatctatatacatcatttaattaagtgttatttagtttagttgacatatatagtttgtactgtattatattttccgtaagtttcaatcttttttattataaataggtgaatatatgtgtatatagaaaaaagagtattaaagactttttgtttccctttggaaaataaaataaaataaaaatacgagtccatatttggtcttgaacgagacttgcgttcattcctagggggatgaacctctttgttcacctccttttgcattaactaataaaaatatgtcatgtcaaatcctatttaaattacataataaattgaagctataattataatccaaaccgatatataatttcgtttaattacaaaatctaaaccctaattcttctttgtaaatccaaaccgccatttaaactcatttagtcgtaaaaaaactaaaccctaatcgtattttctaaacccaaaccgacatttaaccttgtttaattgttaaatctaaacctgttaataaatctaaaccaatatttaacccgtttaatcataaaatctaaaccttaatcgtactttctaaaccaaaaccgatatttaatctcgtttaatcataaaatctaaaccctaatcgtattttctaaacccaaatcaatatttaaccttgtttaattgtaaaatctaaaccatgattttttcaaataaactcaaatcgatatataattttgtttttgaggcaaattagattttataattaaattaaacttttattattattattaggttttaaattttaatgggctaaaacagtgaatatagaacccaagtatttttctttggtctttgtccatctttggaaattaatttagtcgtagcgaacaaatctatcccactcATTGGATTTCAATTTCATAAATTTTAGGTTGTAAAATTCGGGTTTGGAGAAAATTGGGGGTAAATCTAGGGTTCTGGGAAAATTAGGGTTCTGGGAAAATTAGGGTTCATCCATGCTGTCGAGTTTTAGGGTCAAGTAAATGACGGATCCATTAGGATCCGTTTTATATCTTATGCTCTCTCGTCTCAATATATATATTTAAAAATCTCAGCCTTTGGGCTTCGTTAGTGTTGGTTTGCTTTCAGAATTTAACTTAGTTACGGTAAAAGCAATG",9.7761
"At4g38420","ttaaaacctgttgttttcatctgttagtgaaaaaaacctatgtatgtatgaaacgttaaaaccctaaattttaccacaaaaaaaaaacgttaaaaccctaaaaccggcatccaataacccattaaacatataagaagaaacccatgctttctgagcaagaaacggttctgcttagttaggtttgggctgactaaaaagggcccaaaaggcccatttgaaatcacggaaaataggaaaaagttcaaggggaaggagcagccagagacacggagagtctgtgtatgaaagtgaagggaaaaggagatcgacgtctcctctcagactctcacgggaagaagacagtctgtgactttttgtgtttccagctgttttcatatcatttctcaattctcactcgtatacctgacaatttgggttaccaagttgaccgttgaaatttgtgtttatataataagaattttgtggactattactaatttactagtattattttatacttccagcatatatacatacatacattgcttcttcatattctctacgcgttcaatcaatatttctcgtgtaggctggctatttgtgccaaaatacaactcaaattgtttcaccccaaaaaaaaaaaagcagatacaataaaataaaatttatataattatatgttaattctcatttgtgtaaaatattgaagcagcttaaaataaaataaacctcacagtaaaaatgaaataaaataccttgcaattaaatgagaatgcttatttttaacaaaataaaaaataaataaaaatcaatgcatcaccggattgggattttattttctttcaaaaaaataaaataacaatccccaacccaaaggacaaaataatgggtatttaattagtaggtggggtggccttataatatattacaggttgaaataaaaacacggaattagctgattggaaaagcttccccctccccattggactttaaatacgacaccagagtcatttgttccgttACTACAAAACAGAGTTGAAGCTTTCTCTTCCAACTTTATCTTCTTCTTCTTCTTGTCAAAGCGAGTATG",7.7824
"At3g05060","ttataacttcctgcaaaattaggttatcgacgtaaacatcgaacactagcccagcttcttcaaacactaatcacacaactacagagtataaccctaaacaacacgcaaaatcgtgattttcaggatccacggaactaatcagatgaagttttagcaaaatcagagctatactatgaaataaagttgaagagaagtatggaaaacgctatctacccagaaaatcaacgagaaaatttgaaaccgtaccttgaagcttcgagctctataaattcgagacaaatttgttgaataccacagagaaacaaagggattaaaaaagaaaaactattaagggggaagagaacaataaaacgcccacgtattaatattataaacgggccagattaaaatatccattcagtcaggcccattaatcttaaaacctaaaccctaactatggaagttatagaaataccccttacaatacgcggcgttttaagaaggctcggctcgtctttaactgctataacaacacactcttaaaaccctaagtgattGTCCGTCTCCGTCTTCATCTTCTTCCTCTCTCTCACGCAGCTGCTTTGATTAACTCTTCAGGTATTTAATATCTCTCATCTTCTCTCTTCACGGTGTTTCACTTTTCCATTCTTGCTGGAGATTGTGGAGTTTCGAATACTCATACTCGGACAGAGTTTTAAGGCTATTGTAGTTTATCTCTCTGTTTTTTCTTCTCCTGTATTTCTTATGTGATCTAAAAGTAGGATTAGGGTTTATATGGAATGCTGTTTCTCGCTAGTTTTTAATCTCAAAACGAACTTTTAGTTTAATTAGTGTGACTCGGACACGTATCTTTACTGTTCTGAGTTAAGTGTTGTCTTAATTTTCTCTTCAGGTCCAGCTTAAGAGTTTTGTGAAGATG",6.9427
"At2g05170","aaacgaatttcaagacaacatatatttgtccacaaataaacactaacatcaaatggcatatgactaaatggcttcaaaatctgttactattggatctattaaaatatggaacaattcttgggttcaccctttagggggtgaatccattcattcaccgccttttagttgactaatgagaatttgacatgtcatctatttaaaaaataaataatttaatcacaaaatttaaatcttaatcactattttatcaacccaaaccaaaatataatttcgtttaatcacaaaatctaaaccctaacagctattttatcaacccaaaccgaaatataattttgttttaatcacaaaatctaaaccctaaccactattttaacaacccaaaccaaaatataatttcgttttaatcacaaaatataaactgctggaatctgtaagtttaatcacaaatataatgtgaatttaacaagatgttagtttacaattattaaattgtttagttccgtaaaaaattgaacttttaaattttcacatctacacatttaatttctgaaaattttaaaattctcttttgttaactaaataattttttatttggtatataaaaaattataacgttttaaataaaactataaatatttgtattatattacattctattctaaatactattctaaatacatgtctatattgctactataatataaatatactattataatttcataaaacagaaataaatacataatatttttcataaaacaatatataaaaatactattgtattttcactaaataagtgcggattaggatctaatatgcaataaaacctaatttttcctttatacgattaactttataaaatctcagtttataagttaaattaaattttgtaaatttaaaaattgtttataaattcctatgaattgccaaattttattttaaactaaaatttcacatgttaatatagaaaaaaacattaatttttgtatttgttttcatcAAATGCAAATACAAGATTTCTCCATTGAGACCTTTTCGACCGTAAACCGATTGCGATCAAATTAGCTGATCTGATCGGAAAATCACAAGAAAACCCTAGAAAACTCCTCCGGATTCGAATTCTCGACTCGATTCAATG",5.979
"At2g19640","tggccgaaataaataaaccctaagagagagagactccttgtagaagaagaaaccaatgcggtaaaacaaaggcaagtaaaagccaaaaaaaagttaatcacaatggtaaaaacatggactgagagaaagcccgtatagcccaaagtttccaagcttgtataaggcccaaccaaataacctaacgagtttaaagttcaaacgtgatgaaacgttaccgttttagcgtttctcatgtttcttccatataaatagttttagttttgtagaaaaccctaatcGACGACGGCCATTATG",5.979
"At2g36160","aacatttgcctctttcagttgaaaccgaatttcgaatatctcttttgctctacgtctttctagtttcttactgctactactacttatctgagacatgatcactggtaaataataaagttttaaagtttggggtcacatgaggaaacaacactagcaactaaagtattatgctataaataatcgtgttgcggagctatcaacaaatgacaatttggccgagtggtctaaggcgccagatttaggctctggtccgaaagggcgtgggttcaaatcccacagttgtcaaatattttttttatattcttttgtccagatatcgttaaaacgtcgtcgttacaaagtgggccgaagaacccaacaagtaagattcggcccaaatttacgtggaaaccctaaacgctcgttttctcactaagaagtctcataaaccctaatatataaaagcGATTTCTGATTCTTCCATCGTTTCTCTCTTGCAAAACTCTGTGTGTAGGCGGAACTACAGAACCAAGAGCCTCTTTCTAATCGGAGTTACTTTAATCCCCTTGAACCATG",5.979
"At3g44750","ggctgcatcaatcgtgaagccttgagagcttgaagacattcccctgagcttcgacggaggaagatttcgcctatactgatttccgccgtttgaatttgatcggagcattttgttttttcacaaactttcatatctttaacgacgtcgttagtactgaagaaaaaccctaaagagtaaagaccctaacggcgtcgtattaaaaccctaaaacggcttcgtattaaaaccctctgtcttataaataatctcttaaaaccctttcttcttctcttACATTTTCAGCTGCTCATAAACCCTAAAAATCCTCTCTTTTTCTCAACCTTGATTCTTAGCCATG",5.979
"At5g55280","gattcctctactcagacaagaacaacctcaaactagaaaaagcatgcgcaaagtcagtcgagtaaaatccaatccttgtgtatcttcaatctttaaacagttttcttgtttgtaactcttatcttgagtgtgtcaacaaatctaaaaaccttttggcctctttactattttcaaattttcttgaaatcacttctcattcattcttcaaaaaacaaagctggatctctcccttttgagattactccaaacactccaacaatgtattgttaatttaataaaagcttttcaaagtcataattttgattctgaacggttctgcatcaatgtgaaacgtcgtcgtttgtgtgacccagaggtttagagggtccactcgatctcttcacctttcctttgtgaggaaaaaaactctgaactgttgatattttcttcgtcgacactaaaaccctaaaaaaccctaaaaaacccATCTCTTTGTCTCTCTTTCTTCTCTGAAAGCAGAGGAAGTAAACAATG",5.979
"At4g23890","cgaaaatgaactctttctttttcccattctagattttattagctcaaattaaaaacaacagaatcgaattttctggaaaccctaacaaaatacaaaaacattgagcagaaatagaagctcggaagtcggaatcgaatgacgggaacctcgaataatttgaaaaaattgactgaagagaagatcgagaccttgtttttacctgatcgaatgtgatctctgtattcaagggaaagtgtttacgcaattggttttttggttgagtgcttactgcttcagcaggaagaagatgttgggtttgggaattttactcataaagaaactttaaatttggtaccaaaaagacgcttttatcccccggttaggttgcgtcagccagctctacccacatgggcattgctgcagatattacaagttttgtaatttgttaacgaatgtttgtaaacttttgactaatcttatctacaatataatgaatttatcgaatcaatgtaaaagttgttttcattcatgcttaatacattaattgatcaaagttgccaactaagtatttggtgatgccgatgagtgtaaaggacagcctaagacaaaagtgtatgtctaattatgatttgggagtatgggattccaattattaatgtcgttgacccaaatgatttatcttcttcttgctgcttttttcttaataaacaaacaaatccacattattagcatttagcaatatgtttaattacattaccattgtttttaatctaggcccatatctcttaagaatattcaaacttggtccaggttaaacttatgacaaagcccaaatgttcctactctttctcctaaatcattattccaaacaccggttacgcattaaccggttcaggtccactggtaatttggaaatagatagaactcatctaactgaaatcatgatatgtggtcattataacaagcgaatcaatcacacgcttcttccttcctcttccatcttcttcatatctcccttagtCACCTCTACTCTACTCTGCAGGCAAAAATAGTTATG",4.7929
"At4g02560","tgttgacaaacaacttttcaagctctcctcaacctaagttaaccaaagaacaaggagaaaaccaaaatttagaacagcagtattaagcaacacaatgaaatgactgaagcgagagagtcaacaatatttatcattcttcagaggttataataacacgttaacacccacattatcgaatgcgaaacgagtattatcacccaaatcaaacccaaactatcagattgtgcgcaaacgaggacataagcatcagaatatactcgagaaacaatcaatccatgagataaacacgaaattacacagtagaaacgcaatccagagactccgacgtaaccctaacaatctcgatcccacaaaaattcaaataaaaacctagaaagacgaacaatcaacagaatgataaaaaaatcaactgtcgtatggaacaaaacaagcgagaatccgacagaaatagtgatacctcgagatcttaaaccctaataatcagaaaatcgcgtcgccgtaccccaaacagaccctgacgattaccgattcccgattacacaggatcggcgagagctgctgcgatcgaaaaagaagcgagagagagagagaatcaaaaccctaagaatcgttcaggaaaaaagcgtaaaatagagagaaagagagacgagacctatgagaagggcggtgaaaagatatctcaggaaacaaactcgttctcttctattctattattttcaggtcttatagatttaattatttttattttatgtcaactaatatattagtataatattaaacaaatttaatttcttaccttttcagagatctacatcaagacgctgcgttttataatttttctttgtaaagtaacttatttacttttatgcccctttattttgccttccttactcaaaccctaacccgaatcggcttttTGACAATCCGAAATTAGGTAACCATGTTCATTGAATTTATCGTTTCAACACATTCGAATCACTGAGTCCTACGTTTCAGTTTAATTCCCTGATGCACATTTTGAATTCGGTTTGCGTATTGGTCTTCGAGTTTTCCGTCGGCGGCCATG",4.6823
"At3g61350","tggtggaggcggcttctcttaaaaccctaatgactttttttctcccttccgtctgattaaacctaataataatcataacgcttaaaacgtgtctctcaagatcctgggtctttctgatttaaatgagaatataaatgcctacatgtataaaattaatagtatgagggtatggctgcaaaataattaaaaaatgagctgacgattcaaaacgatgccgttgtggtttcttagaagaaagtGATCGTCTTCTTCTTCGCCGGGAAGCTCACAAACGGAATATACTCTACTGTTCCTTGCGACGTGCCCTGAAGGTAACTTCTTCTAGATTCCTCTCAATTTCTCATCTTATTTCTTACTTTTTCCTCAGTCTCGTTTCTTCTGAGACGATTTAAGATCTGTTTCGATTCTGATTTTATTTATTTATTTATTGCTGGAGTTGTAGATCTGATTGTATGTGTAGTGGATTTGATGTAATTGCTGACGGGTTTGATCAGTGGACTGTGAGAGTTAAATAATTTGGTTTGACATTGGATCTGTACTTGTTGGAATTCGATCTGTTTCTTCATCTTTGAATGTTTGATTTGTTGTTATGGCAATGCTCTTGTTTATCTTCAAATATCTTGATTAATGCTGCTCTTGATCACAAAGGCCACTTATGTGAATTGCTACTTTAAGTTAGTATAGGGATTAGCCATATCTGAGCCAGTGTTTGTCTCTCTTTTGGTCATGAACAGGATTTTGTAGAATCAATTCACAATG",4.0928
"At1g02465","tttttttttttgaagaagcgaatgcttataaatgaagacctccaaacatcactcattctctcttcttccttgagaaatttaaatccattatcattctctcttcttcttcgataccataacaaaataattcttcatctttcattatctcgttttgtctaaacagaacgatcgttttagaccggatgctctcgtcttctcagcaaacaaacaatcatcgtaggattgatctccatcctctgttgtgactcatcttcacttaaatccaaacgatttcaaatccggtcaacgacggacaaccgaaaaaataattgaatttttggccacacttagttgaagtgttaaatatttaccacttgttttttttaaaaccaaaatgtcaaaccgaactgaacatctcgtccttttggtctgtagttttgtagtgatatcataaagttttgacatatattagattaaaaacttggctaaattttattttattttcacaaatattattttaaggattcgaattgcgcattgacacgttcttggtcacttatttgtttcaaagaatttgatgatattatcaaccttaataatattctgtaaatctgttattcttaacttagtcacttcgtaaaagtctactgcattatcatttcataatttagttgttgtggcagatctttcgttcatacgggccaaacgcgctcggtagaacacactaaatggacacatatttaaaagagaataaagatccaatgggctttgaataaaacataaacaatattaaaaaaatgcggtgagcgtggatcgaacacgcgaccttcagatcttcagtctgacgctctcccaactgagctatccccgcttttgctttggtttcattaatcactttattcaaaccctaaattcatgattatcttctaattttatacggacaaatcagtaacactcagcaatttgagttcttgtggttgctaaagtttttagtcttatctttccttccaaagacaaaactAAGGAAGCTTCAATG",3.9532
"At1g79380","actccaactccttaaatgtagaatcaggaattctaactatatttatttttgcttgatttgagcaatattttcatattagaatatttgttcctttgatttattattttggactgaaaagtgaaaataagtagattgtgacatacgaatctttcaaattattattttatttgtttattaactttaatatattgattgtttgatgtggatcacaggcagtcatattctagtgagtcgtccgggtgttggtcgaaaccctaagacatgggatgagccactcatctacaggcctgagcgccatataaccggcaacgaagtggtgttgactgaaccagacttacgacttgtttcatttggaactggtagacgcggctgcgttggagctaagcttggaacgtccatgattgttacgttgttgggtaggcttctccaagggttcgactggaccattcctcctggtacgacggacagagtcgagctagtcgagtcaaaagaaaatctgttcatggctaatcctttgatggcttgtgtgaagcccagattagatccaaacatgtacccgaaactctggaccggtccagcttgatcataccggttaacggcaccacatttcaattgctattgtcatgtatgagtaaaatttgaataaagtttttgtcttgaggaaaagttgaagaggaatatagcccataacgttcataaaaggcccagcccagtattgttctgccgttttaatttgagcaaagtaagcttcaagtaaagaaacgggttgagtgcaaaaatggagaaattaacttgcaagttgagattagcacataagaagagtatctaattccatcttgttcacaaagtcattcttttagcattaatgatcctatatttatatcaaatctcataagatcttcagtgtataATATATAGTTTAATTTTTTTCTAGGTTTTCGTTCGAACTCATGTGGGTTCAGTAAATAAATGTTTAAGTCCCCATCTGGCCGCGTCAAAAATACTTAGATAACAACAATTAGTGGTTGACATAGAAAAGTAATGATTGTTGCCGCGTAGAATGAAATTAATAAAATTATAAAGAACAGTGAAGCAATAAATGTTTCCTTGGCGTCTTGAAGAGTAGTCTTCTTAAATATTCCAGCCCAAAAAAAAAAAGATTCTATCCATTATCAAGAGAAGAAAAAAAATCTGAATTCCAATTCGAAGAAGAAGAAGAAGAAGAAAGGAGATG",3.9532
"At5g57890","atttctacacacacactgccatgttttataataaagctgcccatagttctgacttgggtcggttgtttgttatatgtcgtgttgttaaaatggaccttaggcccacgggtctaaacgggctatttgtaatgtttgaacgggtacccatttaaacccgattactaacgggtctaaacaaatattaaccgagtggcccatttatttttaagtttttggaattttctatgctaaaacgacAACGTTACGAGTTCTTCAGTTTCTCAGTTCTCCAAACGACAACTTCGAGCCAAAACAATG",3.8548
"At5g52470","ttagtgatgtaatagctagctgagtttgtgataaagatttcaaatataggtaagcagagacgaggaggagcaagtcgaaccctaaaaactttagatgatcgagaaccttagatatattcgtaatttctctatgagaaattgagaataagtgaataactaactcttcttgtctcacaaaaataaaaccctaacttatcttttccgtgagacataaacaaacccactttgggccaataaaatcggcccattattatcttgacccaatccggatcaaacccaactccatactttggagtttggacccatcgttaccaatgtagtagactaatgtagttaagatatatataatagaagggcctatttataaaatacaagaaatgttaccaaagcataaaccctaaaagccctaaaatcttaatatataaaccaactcacagagactctaaaatcagccaccaccgcacatctctCTCCTTTGCCCTCGTTTTTTTTCGGTTCTCGTCTTTCGTTCTTCACTTTTAGACAAGCAAATATG",3.8359
"At3g42150","tcttcgcgaaaccctaaactctcactaatttcccctggatctaattggggatttttgagttttgcctcgattgtttgttaaattgttagcttttgtttgttaagtttaaatgttttggtttcactcatggaggcaaatcaattttgaaaaaaacttgaaattgttgtttgtgtttgtgtttgtgtgatataaagaaaaaagcccgatctttttttttgtttgattaaattctgtgttttgtttgaatcagtttcgttgtgttgaaaactttgtaatctgggctctagttttctcaagagacatggaataatcacaatgtcaacgaatcagttggctaagcgatttcggttaggttagtttccggttaacaaaaactaatccgacccgattaagtcactcctaggccttacccgacccggctcatcgattagtcacacgaagcttgactttaccatttctttcgagtttctctgttgagtatcgagaatcgagaaaagaactttgctcaatctttgtttctcgtttggtaatcttcgtttctaagaattggaatggtctttttcataggattcatgatagtttttggctgcaattttgtatctttcttctgattatgtgaggaatttgattttgttgtcgttgtcgttgtttcgtcttagggatttgcgagaatcattgaacaatttttcaactttgacaattaatagcacgaaatgagcttcagatttatgtgtttgagtattcaaagatatagcttttatatttgcctttgtgggtttcatggagctgaatctgtatacttatagctcattagtaaagtctgttgttgttttcccatcatttgcttctggtttgacattgtgttgagtagtaagattagagctttcttgctttacatgaagcatttcatttgtggaaagtgcttcaatccatttgggtttctctctgatttggaagatatgtctggtgaaaactttatctgggtattgcttcttttcagTGATTGATCAAAGATG",3.8292
"At1g08400","tctctctgttctcaagtaaaccctaaaagtctctaaacccttaaaaatggattcgcggcgcgtttgttatgttgcttcaaaagtgttagggtaaagaaaacgtcagccgccgactacactcgctgcacggagaagctaaatttttttatcaaagcgattttttttactttttattttcttcaaagtaaatactaatttttagttaaacttaagggaaattaaaaatcataacataacccatcattagactcagaggacacgaaggctttagaAAACAAAAGGAACAACCTTTTTCCCGGCAAATG",3.7971
"At2g39705","atatcgttttttatatgctcattgtttacgttttcataattttcgtattacaaggaaagaaaaatatatctcaaaaagtatttgttgaagtcttgtacaatcatgattttcatttcacaaataagatttcaggttcctaaataattaatgatctccaatgcccaactcaatattttcctctatttcgaaagaaatattgttgattttgctccatcgtatgactctactatagaggaaacgtatagagcaatctctacacttttcctctattttagagtcaactctattttaaaaccatacaatgaaacaaaatcaacaatatttcctccaaaatagaatgaattctattttagaagaaaatattgaattgggcattggagatgctttaacagttttttacttttatgtaaacgaaaacggaataaaccctaaaaagaatattgatataacaaattaaattctcattgctcttggcttagtaatattggaagctactttaaattttataataaaaagaaacaaaaaaaaagactttataaaaaaatatgagcaacaaataagggtttgttaaaccagctaaacgtatcataataccgttggtctcttcgattctcgctagatataagttggattacgtaaattctaacaacatttcgttaaaatctcgtaattagtttggatttttcctctttatatatgattaattgaggtttttaaatatcaaagacaaatgcttcacatttaagaaaaaaaaaagtgttaatggtggggcagtcgaggccgcaacaaggccccgggcaataccgactgccacaactctctgcatcctcttctaattttatatttatcacaaaatccgacaaaagtatacaaaaatcaataaatatttaacctataatatttatctttgcatattataataattattattttaaaatcgaaatggttctacaataaaaatatccattataaatacagaaccctaactctcttttcagttGCTGACTCAAATCTCCAAACTCCTAGAAAATCTCCAAATTCCCAAGTTTGTTTCTTTAATCTCTCTATTCCTCACAAACTCATCAATTTCCAACGAACCCACAAGATCAAATATTTATCCTTTTTTCCTCGTTGAGATCGATCACACACACACAAATCTGAAATCTGAGATCTTTAACATCAATG",3.7971
"At3g02190","tagcttagctccggtttcgaatcttctcggctgcgctgaagaacaaatgcaccacaattacaacttgtttcagcagccgaccagcagagacaagagagagagaagaaaatgaaaccctaaatctctatatttttttcttttccggttaaaggtaaccggaaccgaatacgattcctaaattaacggtttacctatctgacggctaataaattatgagaaaactccaacggtcaggattgagctctagtccacaacccttataaaaatcgatttcttcctcagttaacaTTTGAGAAGATTAGGGTTTAAACGCTGCCGTGTTCCGCCGGATCGCCACCGTTGAAGTCAAGATG",3.7971
